[{"model": "auth.permission", "pk": 1, "fields": {"name": "Can add log entry", "content_type": 1, "codename": "add_logentry"}}, {"model": "auth.permission", "pk": 2, "fields": {"name": "Can change log entry", "content_type": 1, "codename": "change_logentry"}}, {"model": "auth.permission", "pk": 3, "fields": {"name": "Can delete log entry", "content_type": 1, "codename": "delete_logentry"}}, {"model": "auth.permission", "pk": 4, "fields": {"name": "Can view log entry", "content_type": 1, "codename": "view_logentry"}}, {"model": "auth.permission", "pk": 5, "fields": {"name": "Can add permission", "content_type": 2, "codename": "add_permission"}}, {"model": "auth.permission", "pk": 6, "fields": {"name": "Can change permission", "content_type": 2, "codename": "change_permission"}}, {"model": "auth.permission", "pk": 7, "fields": {"name": "Can delete permission", "content_type": 2, "codename": "delete_permission"}}, {"model": "auth.permission", "pk": 8, "fields": {"name": "Can view permission", "content_type": 2, "codename": "view_permission"}}, {"model": "auth.permission", "pk": 9, "fields": {"name": "Can add group", "content_type": 3, "codename": "add_group"}}, {"model": "auth.permission", "pk": 10, "fields": {"name": "Can change group", "content_type": 3, "codename": "change_group"}}, {"model": "auth.permission", "pk": 11, "fields": {"name": "Can delete group", "content_type": 3, "codename": "delete_group"}}, {"model": "auth.permission", "pk": 12, "fields": {"name": "Can view group", "content_type": 3, "codename": "view_group"}}, {"model": "auth.permission", "pk": 13, "fields": {"name": "Can add user", "content_type": 4, "codename": "add_user"}}, {"model": "auth.permission", "pk": 14, "fields": {"name": "Can change user", "content_type": 4, "codename": "change_user"}}, {"model": "auth.permission", "pk": 15, "fields": {"name": "Can delete user", "content_type": 4, "codename": "delete_user"}}, {"model": "auth.permission", "pk": 16, "fields": {"name": "Can view user", "content_type": 4, "codename": "view_user"}}, {"model": "auth.permission", "pk": 17, "fields": {"name": "Can add content type", "content_type": 5, "codename": "add_contenttype"}}, {"model": "auth.permission", "pk": 18, "fields": {"name": "Can change content type", "content_type": 5, "codename": "change_contenttype"}}, {"model": "auth.permission", "pk": 19, "fields": {"name": "Can delete content type", "content_type": 5, "codename": "delete_contenttype"}}, {"model": "auth.permission", "pk": 20, "fields": {"name": "Can view content type", "content_type": 5, "codename": "view_contenttype"}}, {"model": "auth.permission", "pk": 21, "fields": {"name": "Can add session", "content_type": 6, "codename": "add_session"}}, {"model": "auth.permission", "pk": 22, "fields": {"name": "Can change session", "content_type": 6, "codename": "change_session"}}, {"model": "auth.permission", "pk": 23, "fields": {"name": "Can delete session", "content_type": 6, "codename": "delete_session"}}, {"model": "auth.permission", "pk": 24, "fields": {"name": "Can view session", "content_type": 6, "codename": "view_session"}}, {"model": "auth.permission", "pk": 25, "fields": {"name": "Can add Bus", "content_type": 7, "codename": "add_bus"}}, {"model": "auth.permission", "pk": 26, "fields": {"name": "Can change Bus", "content_type": 7, "codename": "change_bus"}}, {"model": "auth.permission", "pk": 27, "fields": {"name": "Can delete Bus", "content_type": 7, "codename": "delete_bus"}}, {"model": "auth.permission", "pk": 28, "fields": {"name": "Can view Bus", "content_type": 7, "codename": "view_bus"}}, {"model": "auth.permission", "pk": 29, "fields": {"name": "Can add payment method", "content_type": 8, "codename": "add_paymentmethod"}}, {"model": "auth.permission", "pk": 30, "fields": {"name": "Can change payment method", "content_type": 8, "codename": "change_paymentmethod"}}, {"model": "auth.permission", "pk": 31, "fields": {"name": "Can delete payment method", "content_type": 8, "codename": "delete_paymentmethod"}}, {"model": "auth.permission", "pk": 32, "fields": {"name": "Can view payment method", "content_type": 8, "codename": "view_paymentmethod"}}, {"model": "auth.permission", "pk": 33, "fields": {"name": "Can add bus detail", "content_type": 9, "codename": "add_busdetail"}}, {"model": "auth.permission", "pk": 34, "fields": {"name": "Can change bus detail", "content_type": 9, "codename": "change_busdetail"}}, {"model": "auth.permission", "pk": 35, "fields": {"name": "Can delete bus detail", "content_type": 9, "codename": "delete_busdetail"}}, {"model": "auth.permission", "pk": 36, "fields": {"name": "Can view bus detail", "content_type": 9, "codename": "view_busdetail"}}, {"model": "auth.permission", "pk": 37, "fields": {"name": "Can add customer", "content_type": 10, "codename": "add_customer"}}, {"model": "auth.permission", "pk": 38, "fields": {"name": "Can change customer", "content_type": 10, "codename": "change_customer"}}, {"model": "auth.permission", "pk": 39, "fields": {"name": "Can delete customer", "content_type": 10, "codename": "delete_customer"}}, {"model": "auth.permission", "pk": 40, "fields": {"name": "Can view customer", "content_type": 10, "codename": "view_customer"}}, {"model": "auth.permission", "pk": 41, "fields": {"name": "Can add booking", "content_type": 11, "codename": "add_booking"}}, {"model": "auth.permission", "pk": 42, "fields": {"name": "Can change booking", "content_type": 11, "codename": "change_booking"}}, {"model": "auth.permission", "pk": 43, "fields": {"name": "Can delete booking", "content_type": 11, "codename": "delete_booking"}}, {"model": "auth.permission", "pk": 44, "fields": {"name": "Can view booking", "content_type": 11, "codename": "view_booking"}}, {"model": "auth.permission", "pk": 45, "fields": {"name": "Can add driver", "content_type": 12, "codename": "add_driver"}}, {"model": "auth.permission", "pk": 46, "fields": {"name": "Can change driver", "content_type": 12, "codename": "change_driver"}}, {"model": "auth.permission", "pk": 47, "fields": {"name": "Can delete driver", "content_type": 12, "codename": "delete_driver"}}, {"model": "auth.permission", "pk": 48, "fields": {"name": "Can view driver", "content_type": 12, "codename": "view_driver"}}, {"model": "auth.permission", "pk": 49, "fields": {"name": "Can add payment", "content_type": 13, "codename": "add_payment"}}, {"model": "auth.permission", "pk": 50, "fields": {"name": "Can change payment", "content_type": 13, "codename": "change_payment"}}, {"model": "auth.permission", "pk": 51, "fields": {"name": "Can delete payment", "content_type": 13, "codename": "delete_payment"}}, {"model": "auth.permission", "pk": 52, "fields": {"name": "Can view payment", "content_type": 13, "codename": "view_payment"}}, {"model": "auth.permission", "pk": 53, "fields": {"name": "Can add Scheduled Trip", "content_type": 14, "codename": "add_trip"}}, {"model": "auth.permission", "pk": 54, "fields": {"name": "Can change Scheduled Trip", "content_type": 14, "codename": "change_trip"}}, {"model": "auth.permission", "pk": 55, "fields": {"name": "Can delete Scheduled Trip", "content_type": 14, "codename": "delete_trip"}}, {"model": "auth.permission", "pk": 56, "fields": {"name": "Can view Scheduled Trip", "content_type": 14, "codename": "view_trip"}}, {"model": "auth.permission", "pk": 57, "fields": {"name": "Can add profile", "content_type": 15, "codename": "add_profile"}}, {"model": "auth.permission", "pk": 58, "fields": {"name": "Can change profile", "content_type": 15, "codename": "change_profile"}}, {"model": "auth.permission", "pk": 59, "fields": {"name": "Can delete profile", "content_type": 15, "codename": "delete_profile"}}, {"model": "auth.permission", "pk": 60, "fields": {"name": "Can view profile", "content_type": 15, "codename": "view_profile"}}, {"model": "auth.permission", "pk": 61, "fields": {"name": "Can add review", "content_type": 16, "codename": "add_review"}}, {"model": "auth.permission", "pk": 62, "fields": {"name": "Can change review", "content_type": 16, "codename": "change_review"}}, {"model": "auth.permission", "pk": 63, "fields": {"name": "Can delete review", "content_type": 16, "codename": "delete_review"}}, {"model": "auth.permission", "pk": 64, "fields": {"name": "Can view review", "content_type": 16, "codename": "view_review"}}, {"model": "auth.permission", "pk": 65, "fields": {"name": "Can add support ticket", "content_type": 17, "codename": "add_supportticket"}}, {"model": "auth.permission", "pk": 66, "fields": {"name": "Can change support ticket", "content_type": 17, "codename": "change_supportticket"}}, {"model": "auth.permission", "pk": 67, "fields": {"name": "Can delete support ticket", "content_type": 17, "codename": "delete_supportticket"}}, {"model": "auth.permission", "pk": 68, "fields": {"name": "Can view support ticket", "content_type": 17, "codename": "view_supportticket"}}, {"model": "auth.permission", "pk": 69, "fields": {"name": "Can add feedback", "content_type": 18, "codename": "add_feedback"}}, {"model": "auth.permission", "pk": 70, "fields": {"name": "Can change feedback", "content_type": 18, "codename": "change_feedback"}}, {"model": "auth.permission", "pk": 71, "fields": {"name": "Can delete feedback", "content_type": 18, "codename": "delete_feedback"}}, {"model": "auth.permission", "pk": 72, "fields": {"name": "Can view feedback", "content_type": 18, "codename": "view_feedback"}}, {"model": "auth.permission", "pk": 73, "fields": {"name": "Can add departure time", "content_type": 19, "codename": "add_departuretime"}}, {"model": "auth.permission", "pk": 74, "fields": {"name": "Can change departure time", "content_type": 19, "codename": "change_departuretime"}}, {"model": "auth.permission", "pk": 75, "fields": {"name": "Can delete departure time", "content_type": 19, "codename": "delete_departuretime"}}, {"model": "auth.permission", "pk": 76, "fields": {"name": "Can view departure time", "content_type": 19, "codename": "view_departuretime"}}, {"model": "auth.permission", "pk": 77, "fields": {"name": "Can add location", "content_type": 20, "codename": "add_location"}}, {"model": "auth.permission", "pk": 78, "fields": {"name": "Can change location", "content_type": 20, "codename": "change_location"}}, {"model": "auth.permission", "pk": 79, "fields": {"name": "Can delete location", "content_type": 20, "codename": "delete_location"}}, {"model": "auth.permission", "pk": 80, "fields": {"name": "Can view location", "content_type": 20, "codename": "view_location"}}, {"model": "auth.permission", "pk": 81, "fields": {"name": "Can add daily schedule time", "content_type": 21, "codename": "add_dailyscheduletime"}}, {"model": "auth.permission", "pk": 82, "fields": {"name": "Can change daily schedule time", "content_type": 21, "codename": "change_dailyscheduletime"}}, {"model": "auth.permission", "pk": 83, "fields": {"name": "Can delete daily schedule time", "content_type": 21, "codename": "delete_dailyscheduletime"}}, {"model": "auth.permission", "pk": 84, "fields": {"name": "Can view daily schedule time", "content_type": 21, "codename": "view_dailyscheduletime"}}, {"model": "auth.permission", "pk": 85, "fields": {"name": "Can add previous schedule", "content_type": 22, "codename": "add_previousschedule"}}, {"model": "auth.permission", "pk": 86, "fields": {"name": "Can change previous schedule", "content_type": 22, "codename": "change_previousschedule"}}, {"model": "auth.permission", "pk": 87, "fields": {"name": "Can delete previous schedule", "content_type": 22, "codename": "delete_previousschedule"}}, {"model": "auth.permission", "pk": 88, "fields": {"name": "Can view previous schedule", "content_type": 22, "codename": "view_previousschedule"}}, {"model": "auth.permission", "pk": 89, "fields": {"name": "Can add route", "content_type": 23, "codename": "add_route"}}, {"model": "auth.permission", "pk": 90, "fields": {"name": "Can change route", "content_type": 23, "codename": "change_route"}}, {"model": "auth.permission", "pk": 91, "fields": {"name": "Can delete route", "content_type": 23, "codename": "delete_route"}}, {"model": "auth.permission", "pk": 92, "fields": {"name": "Can view route", "content_type": 23, "codename": "view_route"}}, {"model": "auth.permission", "pk": 93, "fields": {"name": "Can add Week day Schedule", "content_type": 24, "codename": "add_weekdaysschedule"}}, {"model": "auth.permission", "pk": 94, "fields": {"name": "Can change Week day Schedule", "content_type": 24, "codename": "change_weekdaysschedule"}}, {"model": "auth.permission", "pk": 95, "fields": {"name": "Can delete Week day Schedule", "content_type": 24, "codename": "delete_weekdaysschedule"}}, {"model": "auth.permission", "pk": 96, "fields": {"name": "Can view Week day Schedule", "content_type": 24, "codename": "view_weekdaysschedule"}}, {"model": "auth.user", "pk": 16, "fields": {"password": "pbkdf2_sha256$1000000$X4azmriMwCXFkichW9eue0$N/SHSaTymE2KrLOJ5NqZpt8CrW7unvvIpOxnhZDzIbs=", "last_login": "2025-08-04T15:55:16.070Z", "is_superuser": true, "username": "unicross", "first_name": "", "last_name": "", "email": "", "is_staff": true, "is_active": true, "date_joined": "2025-08-04T15:54:48.022Z", "groups": [], "user_permissions": []}}, {"model": "contenttypes.contenttype", "pk": 1, "fields": {"app_label": "admin", "model": "logentry"}}, {"model": "contenttypes.contenttype", "pk": 2, "fields": {"app_label": "auth", "model": "permission"}}, {"model": "contenttypes.contenttype", "pk": 3, "fields": {"app_label": "auth", "model": "group"}}, {"model": "contenttypes.contenttype", "pk": 4, "fields": {"app_label": "auth", "model": "user"}}, {"model": "contenttypes.contenttype", "pk": 5, "fields": {"app_label": "contenttypes", "model": "contenttype"}}, {"model": "contenttypes.contenttype", "pk": 6, "fields": {"app_label": "sessions", "model": "session"}}, {"model": "contenttypes.contenttype", "pk": 7, "fields": {"app_label": "aktcUI", "model": "bus"}}, {"model": "contenttypes.contenttype", "pk": 8, "fields": {"app_label": "aktcUI", "model": "paymentmethod"}}, {"model": "contenttypes.contenttype", "pk": 9, "fields": {"app_label": "aktcUI", "model": "busdetail"}}, {"model": "contenttypes.contenttype", "pk": 10, "fields": {"app_label": "aktcUI", "model": "customer"}}, {"model": "contenttypes.contenttype", "pk": 11, "fields": {"app_label": "aktcUI", "model": "booking"}}, {"model": "contenttypes.contenttype", "pk": 12, "fields": {"app_label": "aktcUI", "model": "driver"}}, {"model": "contenttypes.contenttype", "pk": 13, "fields": {"app_label": "aktcUI", "model": "payment"}}, {"model": "contenttypes.contenttype", "pk": 14, "fields": {"app_label": "aktcUI", "model": "trip"}}, {"model": "contenttypes.contenttype", "pk": 15, "fields": {"app_label": "accounts", "model": "profile"}}, {"model": "contenttypes.contenttype", "pk": 16, "fields": {"app_label": "feedbacksystem", "model": "review"}}, {"model": "contenttypes.contenttype", "pk": 17, "fields": {"app_label": "feedbacksystem", "model": "supportticket"}}, {"model": "contenttypes.contenttype", "pk": 18, "fields": {"app_label": "feedbacksystem", "model": "feedback"}}, {"model": "contenttypes.contenttype", "pk": 19, "fields": {"app_label": "setupsystem", "model": "departuretime"}}, {"model": "contenttypes.contenttype", "pk": 20, "fields": {"app_label": "setupsystem", "model": "location"}}, {"model": "contenttypes.contenttype", "pk": 21, "fields": {"app_label": "setupsystem", "model": "dailyscheduletime"}}, {"model": "contenttypes.contenttype", "pk": 22, "fields": {"app_label": "setupsystem", "model": "previousschedule"}}, {"model": "contenttypes.contenttype", "pk": 23, "fields": {"app_label": "setupsystem", "model": "route"}}, {"model": "contenttypes.contenttype", "pk": 24, "fields": {"app_label": "setupsystem", "model": "weekdaysschedule"}}, {"model": "sessions.session", "pk": "7a3pfh0eiccm5ds3f3293ndjalqcne1f", "fields": {"session_data": ".eJxVjEsOwjAMBe-SNYrqJikKS_acIbJjmxRQIvWzqrg7VOoCtm9m3mYSrktJ6yxTGtlcDJjT70aYn1J3wA-s92Zzq8s0kt0Ve9DZ3hrL63q4fwcF5_KtiWJQZfAE2quiF-EQQxcGzlEE6OxQCToOHoboJXRCAuokU88enXl_ABwfOUY:1uiukE:7MDe73tbKcT2uZVz39FgBRgvdU8lHKakI2AQZFINDds", "expire_date": "2025-08-18T12:56:50.802Z"}}, {"model": "sessions.session", "pk": "g5yauco565ai0ovlygnr53o9lndbw9rm", "fields": {"session_data": ".eJxVjEsOwjAMBe-SNYrqJikKS_acIbJjmxRQIvWzqrg7VOoCtm9m3mYSrktJ6yxTGtlcDJjT70aYn1J3wA-s92Zzq8s0kt0Ve9DZ3hrL63q4fwcF5_KtiWJQZfAE2quiF-EQQxcGzlEE6OxQCToOHoboJXRCAuokU88enXl_ABwfOUY:1uivK9:JeheaQA-0mwWA3C3M1M6h9KSGmvY6lEwY6UpfMzKaE0", "expire_date": "2025-08-18T13:33:57.923Z"}}, {"model": "sessions.session", "pk": "mqfe9m04fh68laerqb4jeehw2wnsefzv", "fields": {"session_data": ".eJxVjEEOwiAQAP_C2RCgLKBH730D2WWpVA0kpT0Z_25qetDrzGReIuK2lrj1vMSZxUVoJ06_kDA9ct0N37HemkytrstMck_kYbscG-fn9Wj_BgV7-X6R0AzAxKAYrQmO0oTTAN4a5wKgUj6dQZFC4KAde3Leap9Z2yGgeH8ADGc3xA:1uixWu:k1Y78OengMuy92ma24UVus9MG0QPr2QDaR2vU6xKPT0", "expire_date": "2025-08-18T15:55:16.201Z"}}, {"model": "sessions.session", "pk": "vfj99x0o5cwa4s6cvj2e53pafntrx7tz", "fields": {"session_data": ".eJxVjMsOwiAUBf-FtSHthYK4dO83kPugUjWQlHZl_HfbpAvdnpk5bxVxXXJcW5rjJOqiQJ1-N0J-prIDeWC5V821LPNEelf0QZu-VUmv6-H-HWRseauH5Mw4ykCWxAmbjn0Q8mM4m34AS11AdggOLFDakJBh6FGChc71ntTnC_3fOCw:1uhVoe:QvWNz98KEAPMet-9_pcmX6VjgodSUxM412a1klNFEeg", "expire_date": "2025-08-14T16:07:36.017Z"}}, {"model": "sessions.session", "pk": "xa3w7bro61x2e6lhz3tesyddwzilhfrs", "fields": {"session_data": ".eJxVjEsOwjAMBe-SNYrqJikKS_acIbJjmxRQIvWzqrg7VOoCtm9m3mYSrktJ6yxTGtlcDJjT70aYn1J3wA-s92Zzq8s0kt0Ve9DZ3hrL63q4fwcF5_KtiWJQZfAE2quiF-EQQxcGzlEE6OxQCToOHoboJXRCAuokU88enXl_ABwfOUY:1uheaS:5v0xP6ra_YqyiZFd2UJ--1L5QmtbRiG1ns6TWxXnRdM", "expire_date": "2025-08-15T01:29:32.553Z"}}, {"model": "aktcUI.customer", "pk": 23, "fields": {"user": 16, "firstname": "", "middlename": null, "surname": "", "phone_number": null, "email": ""}}, {"model": "aktcUI.bus", "pk": 1, "fields": {"registration_number": "B4B27DBN2Q", "bus_name": "Night bus 2015", "bus_seat_num": 14, "bus_status": "RN"}}, {"model": "aktcUI.bus", "pk": 2, "fields": {"registration_number": "NDU2BDEBY2", "bus_name": "Day Shift Bus 2020", "bus_seat_num": 14, "bus_status": "RN"}}, {"model": "aktcUI.busdetail", "pk": 1, "fields": {"bus": 2, "bus_driver": null}}, {"model": "aktcUI.busdetail", "pk": 2, "fields": {"bus": 1, "bus_driver": null}}, {"model": "aktcUI.paymentmethod", "pk": 1, "fields": {"title": "Credit/Debit Card", "name": "card", "is_default": true, "reference": null}}, {"model": "aktcUI.paymentmethod", "pk": 2, "fields": {"title": "Bank Transfer", "name": "transfer", "is_default": true, "reference": null}}, {"model": "aktcUI.paymentmethod", "pk": 3, "fields": {"title": "Wallet Balance", "name": "wallet", "is_default": false, "reference": null}}, {"model": "aktcUI.paymentmethod", "pk": 4, "fields": {"title": "Pay with Cash", "name": "cash", "is_default": false, "reference": null}}, {"model": "accounts.profile", "pk": 16, "fields": {"user": 16, "email": "", "phonenumber": "", "avatar": "", "bio": ""}}, {"model": "setupsystem.location", "pk": 1, "fields": {"state": "AkwaIbom", "local_government": "Uyo", "bus_stop": "Aktc Main Bustop", "street": "main street", "lat": null, "lng": null, "image": "location/asaba-2.jpg", "description": "", "featured": true}}, {"model": "setupsystem.location", "pk": 2, "fields": {"state": "Cross River", "local_government": "Calabar", "bus_stop": "Main Gate Stop", "street": "Etagbor", "lat": null, "lng": null, "image": "location/Asaba_2w.jpg", "description": "", "featured": true}}, {"model": "setupsystem.location", "pk": 3, "fields": {"state": "Rivers", "local_government": "Port Harcourt", "bus_stop": "Ikwerre Road", "street": "Ikwerre Road", "lat": null, "lng": null, "image": "location/Summit_road_Asaba.jpeg", "description": "", "featured": true}}, {"model": "setupsystem.location", "pk": 4, "fields": {"state": "Rivers", "local_government": "Gokana", "bus_stop": "Elelenwo Street", "street": "Elelenwo Street", "lat": null, "lng": null, "image": "", "description": null, "featured": false}}, {"model": "setupsystem.location", "pk": 5, "fields": {"state": "Benin", "local_government": "Oredo", "bus_stop": "Ring Road", "street": "Ring Road", "lat": null, "lng": null, "image": "", "description": null, "featured": false}}, {"model": "setupsystem.location", "pk": 6, "fields": {"state": "Benin", "local_government": "Egor", "bus_stop": "Obazee Close", "street": "Obazee Close", "lat": null, "lng": null, "image": "", "description": null, "featured": false}}, {"model": "setupsystem.location", "pk": 7, "fields": {"state": "Enugu", "local_government": "Enugu North", "bus_stop": "Opkara Avenue", "street": "Opkara Avenue", "lat": null, "lng": null, "image": "", "description": null, "featured": false}}, {"model": "setupsystem.location", "pk": 8, "fields": {"state": "Enugu", "local_government": "Enugu South", "bus_stop": "Nnobi Street", "street": "Nnobi Street", "lat": null, "lng": null, "image": "", "description": null, "featured": false}}, {"model": "setupsystem.location", "pk": 9, "fields": {"state": "Delta", "local_government": "Asaba", "bus_stop": "Abraka", "street": "Isoko", "lat": null, "lng": null, "image": "", "description": null, "featured": false}}, {"model": "setupsystem.route", "pk": 1, "fields": {"from_location": 2, "to_destination": 1, "fare": 6000, "journey_average_length": "03:00:00", "add_reverse": false}}, {"model": "setupsystem.route", "pk": 2, "fields": {"from_location": 1, "to_destination": 2, "fare": 6000, "journey_average_length": "03:00:00", "add_reverse": true}}, {"model": "setupsystem.route", "pk": 3, "fields": {"from_location": 3, "to_destination": 1, "fare": 9000, "journey_average_length": "06:00:00", "add_reverse": false}}, {"model": "setupsystem.route", "pk": 4, "fields": {"from_location": 1, "to_destination": 3, "fare": 9000, "journey_average_length": "06:00:00", "add_reverse": true}}, {"model": "setupsystem.route", "pk": 5, "fields": {"from_location": 4, "to_destination": 1, "fare": 9000, "journey_average_length": "05:00:00", "add_reverse": false}}, {"model": "setupsystem.route", "pk": 6, "fields": {"from_location": 1, "to_destination": 4, "fare": 9000, "journey_average_length": "05:00:00", "add_reverse": true}}, {"model": "setupsystem.route", "pk": 7, "fields": {"from_location": 5, "to_destination": 1, "fare": 10000, "journey_average_length": "09:30:00", "add_reverse": false}}, {"model": "setupsystem.route", "pk": 8, "fields": {"from_location": 1, "to_destination": 5, "fare": 10000, "journey_average_length": "09:30:00", "add_reverse": true}}, {"model": "setupsystem.route", "pk": 9, "fields": {"from_location": 6, "to_destination": 1, "fare": 9000, "journey_average_length": "09:22:00", "add_reverse": false}}, {"model": "setupsystem.route", "pk": 10, "fields": {"from_location": 1, "to_destination": 6, "fare": 9000, "journey_average_length": "09:22:00", "add_reverse": true}}, {"model": "setupsystem.route", "pk": 11, "fields": {"from_location": 7, "to_destination": 1, "fare": 11000, "journey_average_length": "10:00:00", "add_reverse": false}}, {"model": "setupsystem.route", "pk": 12, "fields": {"from_location": 1, "to_destination": 7, "fare": 11000, "journey_average_length": "10:00:00", "add_reverse": true}}, {"model": "setupsystem.route", "pk": 13, "fields": {"from_location": 8, "to_destination": 1, "fare": 11000, "journey_average_length": "10:00:00", "add_reverse": false}}, {"model": "setupsystem.route", "pk": 14, "fields": {"from_location": 1, "to_destination": 8, "fare": 11000, "journey_average_length": "10:00:00", "add_reverse": true}}, {"model": "setupsystem.route", "pk": 15, "fields": {"from_location": 3, "to_destination": 2, "fare": 5000, "journey_average_length": "02:50:00", "add_reverse": false}}, {"model": "setupsystem.route", "pk": 16, "fields": {"from_location": 2, "to_destination": 3, "fare": 5000, "journey_average_length": "02:50:00", "add_reverse": true}}, {"model": "setupsystem.route", "pk": 17, "fields": {"from_location": 4, "to_destination": 2, "fare": 4500, "journey_average_length": "02:00:00", "add_reverse": false}}, {"model": "setupsystem.route", "pk": 18, "fields": {"from_location": 2, "to_destination": 4, "fare": 4500, "journey_average_length": "02:00:00", "add_reverse": true}}, {"model": "setupsystem.route", "pk": 19, "fields": {"from_location": 5, "to_destination": 2, "fare": 7000, "journey_average_length": "07:00:00", "add_reverse": false}}, {"model": "setupsystem.route", "pk": 20, "fields": {"from_location": 2, "to_destination": 5, "fare": 7000, "journey_average_length": "07:00:00", "add_reverse": true}}, {"model": "setupsystem.route", "pk": 21, "fields": {"from_location": 6, "to_destination": 2, "fare": 7000, "journey_average_length": "06:00:00", "add_reverse": false}}, {"model": "setupsystem.route", "pk": 22, "fields": {"from_location": 2, "to_destination": 6, "fare": 7000, "journey_average_length": "06:00:00", "add_reverse": true}}, {"model": "setupsystem.route", "pk": 23, "fields": {"from_location": 7, "to_destination": 2, "fare": 11200, "journey_average_length": "10:00:00", "add_reverse": false}}, {"model": "setupsystem.route", "pk": 24, "fields": {"from_location": 2, "to_destination": 7, "fare": 11200, "journey_average_length": "10:00:00", "add_reverse": true}}, {"model": "setupsystem.route", "pk": 25, "fields": {"from_location": 8, "to_destination": 2, "fare": 12000, "journey_average_length": "11:00:00", "add_reverse": false}}, {"model": "setupsystem.route", "pk": 26, "fields": {"from_location": 2, "to_destination": 8, "fare": 12000, "journey_average_length": "11:00:00", "add_reverse": true}}, {"model": "setupsystem.route", "pk": 27, "fields": {"from_location": 2, "to_destination": 9, "fare": 25000, "journey_average_length": "06:00:00", "add_reverse": false}}, {"model": "setupsystem.route", "pk": 28, "fields": {"from_location": 9, "to_destination": 2, "fare": 25000, "journey_average_length": "06:00:00", "add_reverse": true}}, {"model": "setupsystem.departuretime", "pk": 1, "fields": {"hour": "08", "minute": "00", "meridian": "AM"}}, {"model": "setupsystem.departuretime", "pk": 2, "fields": {"hour": "07", "minute": "30", "meridian": "AM"}}, {"model": "setupsystem.departuretime", "pk": 3, "fields": {"hour": "10", "minute": "30", "meridian": "AM"}}, {"model": "setupsystem.departuretime", "pk": 4, "fields": {"hour": "11", "minute": "05", "meridian": "AM"}}, {"model": "setupsystem.departuretime", "pk": 5, "fields": {"hour": "12", "minute": "05", "meridian": "PM"}}, {"model": "setupsystem.departuretime", "pk": 6, "fields": {"hour": "02", "minute": "00", "meridian": "PM"}}, {"model": "setupsystem.departuretime", "pk": 7, "fields": {"hour": "04", "minute": "25", "meridian": "PM"}}, {"model": "setupsystem.departuretime", "pk": 8, "fields": {"hour": "07", "minute": "30", "meridian": "PM"}}, {"model": "setupsystem.departuretime", "pk": 9, "fields": {"hour": "09", "minute": "15", "meridian": "PM"}}, {"model": "setupsystem.departuretime", "pk": 10, "fields": {"hour": "11", "minute": "30", "meridian": "PM"}}, {"model": "setupsystem.dailyscheduletime", "pk": 1, "fields": {"time": [1, 2, 3, 6, 7]}}, {"model": "setupsystem.dailyscheduletime", "pk": 2, "fields": {"time": [1, 4, 6]}}, {"model": "setupsystem.dailyscheduletime", "pk": 3, "fields": {"time": [1, 4, 6, 9, 10]}}, {"model": "setupsystem.dailyscheduletime", "pk": 4, "fields": {"time": [9, 10]}}, {"model": "setupsystem.dailyscheduletime", "pk": 5, "fields": {"time": [1, 3, 7, 10]}}, {"model": "setupsystem.dailyscheduletime", "pk": 6, "fields": {"time": [2, 6, 10]}}, {"model": "setupsystem.dailyscheduletime", "pk": 7, "fields": {"time": [2, 3, 5, 6, 10]}}]